GROUP,PACKAGE,CLASS,INSTRUCTION_MISSED,INSTRUCTION_COVERED,BRANCH_MISSED,BRANCH_COVERED,LINE_MISSED,LINE_COVERED,COMPLEXITY_MISSED,COMPLEXITY_COVERED,METHOD_MISSED,METHOD_COVERED
avl,co.edu.uptc.mapper,TrieMapper,5,112,2,10,1,23,3,8,1,4
avl,co.edu.uptc.mapper,DocumentMapper,4,85,1,11,1,14,2,7,1,2
avl,co.edu.uptc.exception,SearchEngineException,5,4,0,0,2,2,1,1,1,1
avl,co.edu.uptc.exception,RepositoryException,9,0,0,0,4,0,2,0,2,0
avl,co.edu.uptc,App,33,0,0,0,12,0,3,0,3,0
avl,co.edu.uptc.service,SearchEngineService,34,530,21,63,13,187,19,39,0,16
avl,co.edu.uptc.repository,JsonIndexRepository,20,58,1,5,4,16,1,6,0,4
avl,co.edu.uptc.repository,XmlMetadataRepository,16,305,5,17,5,77,5,11,0,5
avl,co.edu.uptc.i18n,I18n,0,42,0,6,0,12,0,11,0,8
avl,co.edu.uptc.view,MainViewController,1274,0,76,0,465,0,82,0,44,0
avl,co.edu.uptc.view,MainViewController.new TableCell() {...},31,0,4,0,7,0,4,0,2,0
avl,co.edu.uptc.view,MainViewController.new TableCell() {...},58,0,2,0,20,0,4,0,3,0
avl,co.edu.uptc.dto,TrieDTO,0,16,0,0,0,6,0,4,0,4
avl,co.edu.uptc.dto,DocumentMetadataDTO,0,36,0,0,0,12,0,8,0,8
avl,co.edu.uptc.dto,DocumentDTO,0,56,0,0,0,18,0,12,0,12
avl,co.edu.uptc.dto,TrieNodeDTO,0,34,0,0,0,9,0,7,0,7
avl,co.edu.uptc.util,FileTextExtractor,48,20,3,3,11,5,6,1,3,1
avl,co.edu.uptc.util,TextNormalizer,3,45,0,6,1,9,1,5,1,2
avl,co.edu.uptc.util,StopWordFilter,0,199,0,6,0,7,0,5,0,2
avl,co.edu.uptc.controller,IndexingReport,27,0,4,0,6,0,4,0,2,0
avl,co.edu.uptc.controller,MainController,133,0,18,0,36,0,20,0,11,0
avl,co.edu.uptc.model,AVLTree,2,189,1,17,0,45,1,19,0,11
avl,co.edu.uptc.model,Trie,0,227,2,32,0,72,2,25,0,10
avl,co.edu.uptc.model,SearchResult,0,21,0,0,0,7,0,4,0,4
avl,co.edu.uptc.model,AVLNode,4,33,0,0,1,11,1,8,1,8
avl,co.edu.uptc.model,DocumentMetadata,0,12,0,0,0,1,0,1,0,1
avl,co.edu.uptc.model,Document,0,33,0,0,0,12,0,6,0,6
avl,co.edu.uptc.model,TrieNode,0,29,0,0,0,8,0,5,0,5
avl,co.edu.uptc.model,WordStat,0,15,0,0,0,2,0,2,0,2
